{"last_tab":"23","header_layout":"17","menu_sticky":"1","show_search_icon":"1","show_cart_icon":"1","favicon_icon":{"url":"http:\/\/dev.joomexp.com\/wordpress\/wp-experts2\/wp-content\/themes\/wp-experts\/assets\/images\/favicon.png","id":"","height":"","width":"","thumbnail":""},"cms_top_social":{"enabled":{"placebo":"placebo","facebook":"Facebook","twitter":"Twitter","linkedin":"inkedin","rss":"RSS"},"disabled":{"placebo":"placebo","youtube":"Youtube","vimeo":"Vimeo","tumblr":"Tumblr","skype":"Skype","google":"Google","pinterest":"Pinterest","instagram":"Instagram","yelp":"Yelp","viadeo":"Viadeo"}},"top_wellcome":"","top_button_text":"Appointment!","top_button_link":"http:\/\/dev.joomexp.com\/wordpress\/wp-experts2\/?page_id=1151","top_email":"7oroof@7oroof.com","top_phone":"002 01065370701","top_visit":"Tanta AlGharbia, Egypt.","main_logo":{"url":"http:\/\/dev.joomexp.com\/wordpress\/wp-experts2\/wp-content\/themes\/wp-experts\/assets\/images\/logo.png","id":"","height":"","width":"","thumbnail":""},"main_logo_height":{"height":"","units":"px"},"sticky_logo":{"url":"http:\/\/dev.joomexp.com\/wordpress\/wp-experts2\/wp-content\/themes\/wp-experts\/assets\/images\/logo_sticky.png","id":"","height":"","width":"","thumbnail":""},"sticky_logo_height":{"height":"","units":"px"},"page_title_layout":"1","bg_image_page_title":{"url":"http:\/\/dev.joomexp.com\/wordpress\/wp-experts2\/wp-content\/uploads\/2016\/03\/pt-pricing.jpg","id":"1490","height":"865","width":"1920","thumbnail":"http:\/\/dev.joomexp.com\/wordpress\/wp-experts2\/wp-content\/uploads\/2016\/03\/pt-pricing-150x150.jpg"},"page_title_padding":{"padding-top":"60px","padding-right":"","padding-bottom":"60px","padding-left":"","units":"px"},"page_title_margin":{"margin-top":"","margin-right":"","margin-bottom":"","margin-left":"","units":"px"},"body_layout":"1","body_background":{"background-color":"","background-repeat":"repeat","background-size":"","background-attachment":"","background-position":"","background-image":"http:\/\/dev.joomexp.com\/wordpress\/wp-experts2\/wp-content\/uploads\/2016\/08\/bg-body.png","media":{"id":"2251","height":"9","width":"9","thumbnail":"http:\/\/dev.joomexp.com\/wordpress\/wp-experts2\/wp-content\/uploads\/2016\/08\/bg-body.png"}},"body_margin":{"margin-top":"50px","margin-bottom":"50px","units":"px"},"body_border":"","body_border_width":{"width":"","units":"px"},"body_border_color":"","enable_page_loadding":"1","footer_layout":"6","cms-copyright":"\u00a9 2016 - 2017 Experts. With Love by <a href=\"http:\/\/themeforest.net\/user\/7oroof\/portfolio?ref=7oroof\">7oroof.com<\/a>","cms-footer-menu":"<a href=\"#\">About<\/a>\r\n                <a href=\"#\">Blog<\/a>\r\n                <a href=\"#\">Privacy Policy<\/a>\r\n                <a href=\"#\">Terms<\/a>\r\n                <a href=\"#\">Contact<\/a>","footer_botton_back_to_top":"1","f_cta_title":"","f_cta_subtitle":"","f_cta_btn_text":"","f_cta_btn_link":"","hd_feature_1":"Call Us Now","cms-call-us":"Office Telephone : 002 01065370701 <br \/>Mobile : 002 01065370701","hd_feature_2":"Come Visit Us","cms-come-visit":"Alnahas Building, 2 AlBahr St, Tanta<br \/> AlGharbia, Egypt.","hd_feature_3":"Send Us A Message","cms-send-us":"Main Email : 7oroof@7oroof.com<br \/> Inquiries : Info@7oroof.com","cms_footer_social":{"enabled":{"placebo":"placebo","facebook":"Facebook","twitter":"Twitter","linkedin":"inkedin","pinterest":"Pinterest","rss":"RSS"},"disabled":{"placebo":"placebo","vimeo":"Vimeo","tumblr":"Tumblr","skype":"Skype","youtube":"Youtube","google":"Google","instagram":"Instagram","yelp":"Yelp","viadeo":"Viadeo"}},"primary_color":"#c73831","secondary_color":"#222222","link_color":"#222222","link_color_hover":"#c73831","font_body":{"font-family":"Raleway","font-options":"","google":"1","font-backup":"","font-weight":"400","font-style":"","subsets":"latin","text-align":"","font-size":"14px","line-height":"23px","color":"#9b9b9b"},"font_menu":{"font-family":"Open Sans","font-options":"","google":"1","font-backup":"","font-weight":"700","font-style":"","subsets":"","font-size":"13px"},"font_h1":{"font-family":"Raleway","font-options":"","google":"1","font-backup":"","font-weight":"700","font-style":"","subsets":"latin","text-align":"","font-size":"32px","line-height":"46px","color":"#222222"},"font_h2":{"font-family":"Raleway","font-options":"","google":"1","font-backup":"","font-weight":"700","font-style":"","subsets":"latin","text-align":"","font-size":"28px","line-height":"36px","color":"#222222"},"font_h3":{"font-family":"Raleway","font-options":"","google":"1","font-backup":"","font-weight":"700","font-style":"","subsets":"latin","text-align":"","font-size":"25px","line-height":"32px","color":"#222222"},"font_h4":{"font-family":"Montserrat","font-options":"","google":"1","font-backup":"","font-weight":"","font-style":"","subsets":"latin","text-align":"","font-size":"22px","line-height":"26px","color":"#222222"},"font_h5":{"font-family":"Raleway","font-options":"","google":"1","font-backup":"","font-weight":"700","font-style":"","subsets":"latin","text-align":"","font-size":"18px","line-height":"24px","color":"#222222"},"font_h6":{"font-family":"Raleway","font-options":"","google":"1","font-backup":"","font-weight":"700","font-style":"","subsets":"latin","text-align":"","font-size":"14px","line-height":"18px","color":"#222222"},"google-font-1":{"font-family":"Open Sans","font-options":"","google":"1","font-weight":"600","font-style":""},"google-font-selector-1":".cms-fancyboxes-layout5 .cms-fancybox-content-inner","google-font-2":{"font-family":"","font-options":"","google":"1","font-weight":"","font-style":""},"google-font-selector-2":"","google-font-3":{"font-family":"","font-options":"","google":"1","font-weight":"","font-style":""},"google-font-selector-3":"","google-font-4":{"font-family":"","font-options":"","google":"1","font-weight":"","font-style":""},"google-font-selector-4":"","blog_sidebar":"0","blog_sidebar_position":"sidebar-left","post_full_width":"","post_sidebar_left":"","social_share":"show","about_author":"show","cms_author_social":{"enabled":{"placebo":"placebo","facebook":"Facebook","twitter":"Twitter","linkedin":"inkedin","rss":"RSS","youtube":"Youtube"},"disabled":{"placebo":"placebo","vimeo":"Vimeo","tumblr":"Tumblr","skype":"Skype","google":"Google","pinterest":"Pinterest","instagram":"Instagram","yelp":"Yelp","viadeo":"Viadeo"}},"service_layout":"layout1","bg_image_page_title_services":{"url":"http:\/\/dev.joomexp.com\/wordpress\/wp-experts2\/wp-content\/themes\/wp-experts\/assets\/images\/bg-page-title_services.jpg","id":"","height":"","width":"","thumbnail":""},"shop_layout":"right-sidebar","product_per_page":"12","bg_image_page_title_product":{"url":"http:\/\/dev.joomexp.com\/wordpress\/wp-experts2\/wp-content\/themes\/wp-experts\/assets\/images\/bg-page-title_product.jpg","id":"","height":"","width":"","thumbnail":""},"page_comment":"1","show_call_to_action":"1","cms-404-notification":"With any financial product that you buy, it is important that you know you are getting the best advice from a reputable company as often you will have to provide sensitive information online or over the internet.","bg_image_page_title_404":{"url":"http:\/\/dev.joomexp.com\/wordpress\/wp-experts2\/wp-content\/uploads\/2016\/03\/bg-page-title1.jpg","id":"128","height":"740","width":"1920","thumbnail":"http:\/\/dev.joomexp.com\/wordpress\/wp-experts2\/wp-content\/uploads\/2016\/03\/bg-page-title1-150x150.jpg"},"social_facebook_url":"","social_twitter_url":"","social_inkedin_url":"","social_rss_url":"","social_instagram_url":"","social_google_url":"","social_skype_url":"","social_pinterest_url":"","social_vimeo_url":"","social_youtube_url":"","social_yelp_url":"","social_tumblr_url":"","social_viadeo_url":"","show_cta_service_post":"1","cta_title":"Worried about debt?","cta_desc":"Find out where to get free help now!","cta_text_button":"Get Started","cta_link_button":"#","custom_css":"","dev_mode":"1"}