{"pricing-categories":{"name":"pricing-categories","label":"Pricing Categories","singular_label":"Pricing Categories","description":"","hierarchical":"true","show_ui":"true","query_var":"true","query_var_slug":"","rewrite":"true","rewrite_slug":"","rewrite_withfront":"1","rewrite_hierarchical":"0","show_admin_column":"true","show_in_rest":"false","rest_base":"","labels":{"menu_name":"","all_items":"","edit_item":"","view_item":"","update_item":"","add_new_item":"","new_item_name":"","parent_item":"","parent_item_colon":"","search_items":"","popular_items":"","separate_items_with_commas":"","add_or_remove_items":"","choose_from_most_used":"","not_found":""},"object_types":["pricing"]},"client-categories":{"name":"client-categories","label":"Client Categories","singular_label":"Client Categories","description":"","hierarchical":"true","show_ui":"true","query_var":"true","query_var_slug":"","rewrite":"true","rewrite_slug":"","rewrite_withfront":"1","rewrite_hierarchical":"0","show_admin_column":"true","show_in_rest":"false","rest_base":"","labels":{"menu_name":"","all_items":"","edit_item":"","view_item":"","update_item":"","add_new_item":"","new_item_name":"","parent_item":"","parent_item_colon":"","search_items":"","popular_items":"","separate_items_with_commas":"","add_or_remove_items":"","choose_from_most_used":"","not_found":""},"object_types":["client"]},"testimonials-categories":{"name":"testimonials-categories","label":"Testimonials Categories","singular_label":"Testimonials Categories","description":"","hierarchical":"true","show_ui":"true","query_var":"true","query_var_slug":"","rewrite":"true","rewrite_slug":"","rewrite_withfront":"1","rewrite_hierarchical":"0","show_admin_column":"true","show_in_rest":"false","rest_base":"","labels":{"menu_name":"","all_items":"","edit_item":"","view_item":"","update_item":"","add_new_item":"","new_item_name":"","parent_item":"","parent_item_colon":"","search_items":"","popular_items":"","separate_items_with_commas":"","add_or_remove_items":"","choose_from_most_used":"","not_found":""},"object_types":["testimonials"]},"teams-categories":{"name":"teams-categories","label":"Teams Categories","singular_label":"Teams Categories","description":"","hierarchical":"true","show_ui":"true","query_var":"true","query_var_slug":"","rewrite":"true","rewrite_slug":"","rewrite_withfront":"1","rewrite_hierarchical":"0","show_admin_column":"true","show_in_rest":"false","rest_base":"","labels":{"menu_name":"","all_items":"","edit_item":"","view_item":"","update_item":"","add_new_item":"","new_item_name":"","parent_item":"","parent_item_colon":"","search_items":"","popular_items":"","separate_items_with_commas":"","add_or_remove_items":"","choose_from_most_used":"","not_found":""},"object_types":["teams"]},"gallery-categories":{"name":"gallery-categories","label":"Gallery Categories","singular_label":"Gallery Categories","description":"","public":"true","hierarchical":"true","show_ui":"true","query_var":"true","query_var_slug":"","rewrite":"true","rewrite_slug":"","rewrite_withfront":"1","rewrite_hierarchical":"0","show_admin_column":"true","show_in_rest":"false","show_in_quick_edit":"","rest_base":"","labels":{"menu_name":"","all_items":"","edit_item":"","view_item":"","update_item":"","add_new_item":"","new_item_name":"","parent_item":"","parent_item_colon":"","search_items":"","popular_items":"","separate_items_with_commas":"","add_or_remove_items":"","choose_from_most_used":"","not_found":"","no_terms":"","items_list_navigation":"","items_list":""},"object_types":["gallery"]},"services-categories":{"name":"services-categories","label":"Services Categories","singular_label":"Services Categories","description":"","public":"true","hierarchical":"false","show_ui":"true","query_var":"true","query_var_slug":"","rewrite":"true","rewrite_slug":"","rewrite_withfront":"1","rewrite_hierarchical":"0","show_admin_column":"true","show_in_rest":"false","show_in_quick_edit":"","rest_base":"","labels":{"menu_name":"","all_items":"","edit_item":"","view_item":"","update_item":"","add_new_item":"","new_item_name":"","parent_item":"","parent_item_colon":"","search_items":"","popular_items":"","separate_items_with_commas":"","add_or_remove_items":"","choose_from_most_used":"","not_found":"","no_terms":"","items_list_navigation":"","items_list":""},"object_types":["services"]},"overview-categories":{"name":"overview-categories","label":"Overview Categories","singular_label":"Overview Categories","description":"","public":"true","hierarchical":"true","show_ui":"true","query_var":"true","query_var_slug":"","rewrite":"true","rewrite_slug":"","rewrite_withfront":"1","rewrite_hierarchical":"0","show_admin_column":"true","show_in_rest":"false","show_in_quick_edit":"","rest_base":"","labels":{"menu_name":"","all_items":"","edit_item":"","view_item":"","update_item":"","add_new_item":"","new_item_name":"","parent_item":"","parent_item_colon":"","search_items":"","popular_items":"","separate_items_with_commas":"","add_or_remove_items":"","choose_from_most_used":"","not_found":"","no_terms":"","items_list_navigation":"","items_list":""},"object_types":["overview"]},"careers-categories":{"name":"careers-categories","label":"Careers Categories","singular_label":"Careers Categories","description":"","public":"true","hierarchical":"true","show_ui":"true","query_var":"true","query_var_slug":"","rewrite":"true","rewrite_slug":"","rewrite_withfront":"1","rewrite_hierarchical":"0","show_admin_column":"true","show_in_rest":"false","show_in_quick_edit":"","rest_base":"","labels":{"menu_name":"","all_items":"","edit_item":"","view_item":"","update_item":"","add_new_item":"","new_item_name":"","parent_item":"","parent_item_colon":"","search_items":"","popular_items":"","separate_items_with_commas":"","add_or_remove_items":"","choose_from_most_used":"","not_found":"","no_terms":"","items_list_navigation":"","items_list":""},"object_types":["careers"]},"case-categories":{"name":"case-categories","label":"Case Categories","singular_label":"Case Categories","description":"","public":"true","hierarchical":"true","show_ui":"true","query_var":"true","query_var_slug":"","rewrite":"true","rewrite_slug":"","rewrite_withfront":"1","rewrite_hierarchical":"0","show_admin_column":"true","show_in_rest":"false","show_in_quick_edit":"","rest_base":"","labels":{"menu_name":"","all_items":"","edit_item":"","view_item":"","update_item":"","add_new_item":"","new_item_name":"","parent_item":"","parent_item_colon":"","search_items":"","popular_items":"","separate_items_with_commas":"","add_or_remove_items":"","choose_from_most_used":"","not_found":"","no_terms":"","items_list_navigation":"","items_list":""},"object_types":["case"]}}